{"losses/total_loss": 0.05059814453125, "losses/policy_loss": 0.040283203125, "losses/value_loss": 0.05157470703125, "values/mean": 0.4296875, "values/min": -0.17822265625, "values/max": 1.0244140625, "values/std": 0.2305908203125, "values/values_error": 0.09967041015625, "values/clipfrac": 0.13432836532592773, "old_values/mean": 0.56689453125, "old_values/min": -0.26513671875, "old_values/max": 1.03125, "old_values/std": 0.19287109375, "returns/mean": 0.501953125, "returns/min": -0.380859375, "returns/max": 1.396484375, "returns/std": 0.37255859375, "policy/approx_kl": 0.01140594482421875, "policy/clipfrac": 0.06716418266296387, "ratio": 0.94140625, "padding_percentage": 0.6836734414100647, "time/forward": 0.19531989097595215, "time/backward": 1.5396316051483154, "learning_rate_group_0": 5e-06, "_timestamp": 1681207110.5151556, "_runtime": 4370.781081438065, "_step": 807}