{"time/exp_generate": 7.452970504760742, "time/exp_score": 0.4090566635131836, "exp_scores/mean": -0.02506510354578495, "exp_scores/std": 0.6833688616752625, "exp_scores/running_mean": 0.023384086787700653, "exp_scores/running_std": 0.6618165373802185, "policy/sqrt_kl": 0.0, "kl_ctl_value": 0.1, "time/exp": 8.658532619476318, "_timestamp": 1681197956.2033026, "time/generate": 669.7061250209808, "reward/mean": -0.005849609375, "samples": {"_type": "table-file", "sha256": "25946a5682f20a589543f9baba5d27e6ac526f231df2f194099a1fa90222decc", "size": 1553757, "artifact_path": "wandb-client-artifact://nxdlwep68olq9opui5klf2mly9mtouo764xaqd54gaq2rm57bnwazejxs5qnj4ra8vmkoys9335nuy5qaj0ho0uord36mtaxs9t8mfwqkfc3rvlo273mke38eyp9wy0i:latest/samples.table.json", "_latest_artifact_path": "wandb-client-artifact://nxdlwep68olq9opui5klf2mly9mtouo764xaqd54gaq2rm57bnwazejxs5qnj4ra8vmkoys9335nuy5qaj0ho0uord36mtaxs9t8mfwqkfc3rvlo273mke38eyp9wy0i:latest/samples.table.json", "path": "media/table/samples_0_25946a5682f20a589543.table.json", "ncols": 3, "nrows": 1000}, "_runtime": 981.5698385238647, "_step": 0, "_wandb": {"runtime": 982}}