{"time/exp_generate": 32.9687876701355, "time/exp_score": 1.6435627937316895, "exp_scores/mean": 0.01871744729578495, "exp_scores/std": 0.758277952671051, "exp_scores/running_mean": 0.0550435371696949, "exp_scores/running_std": 0.6718399524688721, "policy/sqrt_kl": 0.183837890625, "kl_ctl_value": 0.09974431718619534, "time/exp": 36.86432480812073, "_timestamp": 1681201053.4934015, "time/generate": 66.56284594535828, "reward/mean": 0.055341796875, "samples": {"_type": "table-file", "sha256": "16b34d24778a3efb220b061dabf2504ecc2c2ab22bf4ae494be31a6d22b17bc0", "size": 159714, "artifact_path": "wandb-client-artifact://wmh5fvrxrfpqlnazbkv6thl9qp0cxvur9y5isf18pz4m5vto44y1p9vb2n3a9kcuevvqj45urza0fcmnpa6bh0atsvvjy2xe0nak09iqalcig1gvl3x27d2iru5xrsg0:latest/samples.table.json", "_latest_artifact_path": "wandb-client-artifact://wmh5fvrxrfpqlnazbkv6thl9qp0cxvur9y5isf18pz4m5vto44y1p9vb2n3a9kcuevvqj45urza0fcmnpa6bh0atsvvjy2xe0nak09iqalcig1gvl3x27d2iru5xrsg0:latest/samples.table.json", "path": "media/table/samples_0_16b34d24778a3efb220b.table.json", "ncols": 3, "nrows": 100}, "_runtime": 844.6095774173737, "_step": 192, "losses/total_loss": 0.02325439453125, "losses/policy_loss": 0.0024700164794921875, "losses/value_loss": 0.1038818359375, "values/mean": -0.09228515625, "values/min": -0.5634765625, "values/max": 0.3154296875, "values/std": 0.200439453125, "values/values_error": 0.1951904296875, "values/clipfrac": 0.17518247663974762, "old_values/mean": -0.2005615234375, "old_values/min": -0.61767578125, "old_values/max": 0.41845703125, "old_values/std": 0.2408447265625, "returns/mean": -0.07330322265625, "returns/min": -0.8095703125, "returns/max": 1.208984375, "returns/std": 0.4052734375, "policy/approx_kl": 0.028106689453125, "policy/clipfrac": 0.24087591469287872, "ratio": 0.919921875, "padding_percentage": 0.6850000023841858, "time/forward": 0.19672322273254395, "time/backward": 1.5233805179595947, "learning_rate_group_0": 5e-06, "_wandb": {"runtime": 877}}