{"time/exp_generate": 32.97386384010315, "time/exp_score": 1.6372003555297852, "exp_scores/mean": 0.01871744729578495, "exp_scores/std": 0.758277952671051, "exp_scores/running_mean": 0.0550435371696949, "exp_scores/running_std": 0.6718399524688721, "policy/sqrt_kl": 0.183837890625, "kl_ctl_value": 0.09974431718619534, "time/exp": 36.85815906524658, "_timestamp": 1681202502.2163749, "time/generate": 60.48957395553589, "reward/mean": 0.035751953125, "samples": {"_type": "table-file", "sha256": "015717b66069f8234976c4d5f9710b4b2aca31270a0cf0df032d3678d41fd522", "size": 158641, "artifact_path": "wandb-client-artifact://su7qtfrb7og6ph5cwy2dibgyo29v2ahh3n95ahlkn5s684o0sp2v44ynluzxcg4x069d9h2iyjonjajuajfzz4jtgooc5goi6wycw15lhxv0f5smkogzcikmgduqg3w9:latest/samples.table.json", "_latest_artifact_path": "wandb-client-artifact://su7qtfrb7og6ph5cwy2dibgyo29v2ahh3n95ahlkn5s684o0sp2v44ynluzxcg4x069d9h2iyjonjajuajfzz4jtgooc5goi6wycw15lhxv0f5smkogzcikmgduqg3w9:latest/samples.table.json", "path": "media/table/samples_99_015717b66069f8234976.table.json", "ncols": 3, "nrows": 100}, "_runtime": 909.8444149494171, "_step": 192, "losses/total_loss": 0.236572265625, "losses/policy_loss": 0.2293701171875, "losses/value_loss": 0.036224365234375, "values/mean": 0.085205078125, "values/min": -0.351806640625, "values/max": 0.71533203125, "values/std": 0.2142333984375, "values/values_error": 0.0716552734375, "values/clipfrac": 0.0615384615957737, "old_values/mean": -0.0718994140625, "old_values/min": -0.5078125, "old_values/max": 0.40673828125, "old_values/std": 0.182861328125, "returns/mean": -0.05609130859375, "returns/min": -0.501953125, "returns/max": 0.247314453125, "returns/std": 0.2000732421875, "policy/approx_kl": 0.04888916015625, "policy/clipfrac": 0.10769230872392654, "ratio": 1.0517578125, "padding_percentage": 0.7558139562606812, "time/forward": 0.19063854217529297, "time/backward": 1.5431394577026367, "learning_rate_group_0": 5e-06, "_wandb": {"runtime": 943}}