{"losses/total_loss": 0.312255859375, "losses/policy_loss": 0.29638671875, "losses/value_loss": 0.07879638671875, "values/mean": 0.0421142578125, "values/min": -0.3330078125, "values/max": 0.58203125, "values/std": 0.1859130859375, "values/values_error": 0.1575927734375, "values/clipfrac": 0.0, "old_values/mean": -0.01395416259765625, "old_values/min": -0.4892578125, "old_values/max": 0.6484375, "old_values/std": 0.2052001953125, "returns/mean": 0.0098724365234375, "returns/min": -0.7744140625, "returns/max": 0.521484375, "returns/std": 0.33447265625, "policy/approx_kl": 0.0775146484375, "policy/clipfrac": 0.12790697813034058, "ratio": 0.90185546875, "padding_percentage": 0.7678571939468384, "time/forward": 0.18659305572509766, "time/backward": 1.457942247390747, "learning_rate_group_0": 5e-06, "_timestamp": 1681196314.2455761, "_runtime": 181.1351501941681, "_step": 47}