{"losses/total_loss": 0.259765625, "losses/policy_loss": 0.2349853515625, "losses/value_loss": 0.12445068359375, "values/mean": -0.099853515625, "values/min": -0.7138671875, "values/max": 0.43359375, "values/std": 0.227294921875, "values/values_error": 0.2333984375, "values/clipfrac": 0.1683168262243271, "old_values/mean": -0.032196044921875, "old_values/min": -0.74560546875, "old_values/max": 0.78662109375, "old_values/std": 0.29931640625, "returns/mean": -0.22412109375, "returns/min": -1.330078125, "returns/max": 0.384765625, "returns/std": 0.3544921875, "policy/approx_kl": 0.036895751953125, "policy/clipfrac": 0.19801980257034302, "ratio": 0.94140625, "padding_percentage": 0.6824324727058411, "time/forward": 0.18364477157592773, "time/backward": 1.442359447479248, "learning_rate_group_0": 5e-06, "_timestamp": 1681198179.6689992, "_runtime": 73.8228120803833, "_step": 15}