{"time/exp_generate": 22.298818826675415, "time/exp_score": 1.6368248462677002, "exp_scores/mean": 0.2874755859375, "exp_scores/std": 0.5255389213562012, "exp_scores/running_mean": 0.24335375428199768, "exp_scores/running_std": 0.6861772537231445, "policy/sqrt_kl": 0.399658203125, "kl_ctl_value": 0.0939204058268034, "time/exp": 36.665520668029785, "_timestamp": 1681277474.9175756, "time/generate": 67.59989261627197, "reward/mean": 0.26828125, "samples": {"_type": "table-file", "sha256": "2dc0fe77308213825b53c577ffdbdb2fbc170d521d42f8ffcffabd308b8d67d5", "size": 159832, "artifact_path": "wandb-client-artifact://bl903l9fr6abcf12fp4yiytifx1ebxcrucgeux156kttpn0xuhtpog3r4z1qpo9pi0kk4emrwd5dvs37j66y4gr3wf5q0p8gqvh7y7b57w4373neeaaha4vvtrf2c4xq:latest/samples.table.json", "_latest_artifact_path": "wandb-client-artifact://bl903l9fr6abcf12fp4yiytifx1ebxcrucgeux156kttpn0xuhtpog3r4z1qpo9pi0kk4emrwd5dvs37j66y4gr3wf5q0p8gqvh7y7b57w4373neeaaha4vvtrf2c4xq:latest/samples.table.json", "path": "media/table/samples_3199_2dc0fe77308213825b53.table.json", "ncols": 3, "nrows": 100}, "_runtime": 15750.658305644989, "_step": 3200, "losses/total_loss": 0.1661376953125, "losses/policy_loss": 0.155517578125, "losses/value_loss": 0.05328369140625, "values/mean": 0.373046875, "values/min": -0.1903076171875, "values/max": 0.830078125, "values/std": 0.2362060546875, "values/values_error": 0.106201171875, "values/clipfrac": 0.04395604506134987, "old_values/mean": 0.286865234375, "old_values/min": -0.56494140625, "old_values/max": 1.0205078125, "old_values/std": 0.39501953125, "returns/mean": 0.2098388671875, "returns/min": -0.52099609375, "returns/max": 0.89306640625, "returns/std": 0.4228515625, "policy/approx_kl": 0.068603515625, "policy/clipfrac": 0.2527472674846649, "ratio": 1.017578125, "padding_percentage": 0.7109375, "time/forward": 0.19432377815246582, "time/backward": 1.5355761051177979, "learning_rate_group_0": 5e-06, "_wandb": {"runtime": 15801}}