{"time/exp_generate": 5.590200185775757, "time/exp_score": 0.41168665885925293, "exp_scores/mean": -0.0947265625, "exp_scores/std": 0.7816629409790039, "exp_scores/running_mean": -0.0733642578125, "exp_scores/running_std": 0.6919094324111938, "policy/sqrt_kl": 0.0, "kl_ctl_value": 0.1, "time/exp": 9.362794637680054, "_timestamp": 1681198294.9824812, "time/generate": 8.875433206558228, "reward/mean": 0.16328125000000002, "samples": {"_type": "table-file", "sha256": "c2fc16163de94cffc9c54faf7b3281a388061695718ab4da0eebc8fb08ee2a70", "size": 16014, "artifact_path": "wandb-client-artifact://crsgyi7x2xa8yutdcubamw2z3cozc5wqejsy869qgt82aw8k1kw4yulufcwc9b1o3nc01rkm42du0yfxmng5kj5ohtbxt4j5grwbl8f1aaxpx3z6pyzdj5cpy32w86f3:latest/samples.table.json", "_latest_artifact_path": "wandb-client-artifact://crsgyi7x2xa8yutdcubamw2z3cozc5wqejsy869qgt82aw8k1kw4yulufcwc9b1o3nc01rkm42du0yfxmng5kj5ohtbxt4j5grwbl8f1aaxpx3z6pyzdj5cpy32w86f3:latest/samples.table.json", "path": "media/table/samples_9_c2fc16163de94cffc9c5.table.json", "ncols": 3, "nrows": 10}, "_runtime": 76.36540031433105, "_step": 10, "losses/total_loss": 0.68896484375, "losses/policy_loss": 0.65234375, "losses/value_loss": 0.1834716796875, "values/mean": -0.1988525390625, "values/min": -0.6474609375, "values/max": 0.48291015625, "values/std": 0.22705078125, "values/values_error": 0.36279296875, "values/clipfrac": 0.0917431190609932, "old_values/mean": -0.11138916015625, "old_values/min": -0.64501953125, "old_values/max": 0.74560546875, "old_values/std": 0.261474609375, "returns/mean": -0.453369140625, "returns/min": -1.7734375, "returns/max": 0.30810546875, "returns/std": 0.4736328125, "policy/approx_kl": 0.1484375, "policy/clipfrac": 0.15596330165863037, "ratio": 0.79345703125, "padding_percentage": 0.8515625, "time/forward": 0.18825459480285645, "time/backward": 1.5463480949401855, "learning_rate_group_0": 5e-06, "_wandb": {"runtime": 79}}